{
  "IcoMoonType": "selection",
  "icons": [
    {
      "icon": {
        "paths": [
          "M541.046 853.333l-334.385 175.796 63.862-372.342-270.523-263.694 373.853-54.324 167.192-338.769 167.192 338.769 373.853 54.324-270.523 263.694 63.862 372.342z"
        ],
        "width": 1138,
        "attrs": [
          {
            "fill": "rgb(240, 112, 106)"
          }
        ],
        "isMulticolor": false,
        "isMulticolor2": false,
        "tags": [
          "star"
        ],
        "grid": 0
      },
      "attrs": [
        {
          "fill": "rgb(240, 112, 106)"
        }
      ],
      "properties": {
        "order": 41,
        "id": 0,
        "prevSize": 32,
        "code": 59392,
        "name": "star-2"
      },
      "setIdx": 0,
      "setId": 8,
      "iconIdx": 0
    },
    {
      "icon": {
        "paths": [
          "M541.046 853.333l-334.385 175.796 63.862-372.342-270.523-263.694 373.853-54.324 167.192-338.769 167.192 338.769 373.853 54.324-270.523 263.694 63.862 372.342z"
        ],
        "width": 1138,
        "attrs": [
          {
            "fill": "rgb(240, 112, 106)"
          }
        ],
        "isMulticolor": false,
        "isMulticolor2": false,
        "tags": [
          "star"
        ],
        "grid": 0
      },
      "attrs": [
        {
          "fill": "rgb(240, 112, 106)"
        }
      ],
      "properties": {
        "order": 40,
        "id": 1,
        "prevSize": 32,
        "code": 59393,
        "name": "star"
      },
      "setIdx": 0,
      "setId": 8,
      "iconIdx": 1
    },
    {
      "icon": {
        "paths": [
          "M558.545 977.455c0-12.847-5.213-24.483-13.638-32.908l-386.001-386.001h1842.548c25.74 0 46.545-20.852 46.545-46.545s-20.806-46.545-46.545-46.545h-1842.548l386.001-386.001c8.425-8.425 13.638-20.061 13.638-32.908 0-25.693-20.806-46.545-46.545-46.545-12.847 0-24.483 5.213-32.908 13.638l-465.455 465.455c-8.471 8.425-13.638 20.061-13.638 32.908s5.167 24.483 13.638 32.908l465.455 465.455c8.425 8.425 20.061 13.638 32.908 13.638 25.74 0 46.545-20.852 46.545-46.545z"
        ],
        "width": 2048,
        "attrs": [
          {
            "opacity": 1
          }
        ],
        "isMulticolor": false,
        "isMulticolor2": false,
        "tags": [
          "left-arrow"
        ],
        "grid": 0
      },
      "attrs": [
        {
          "opacity": 1
        }
      ],
      "properties": {
        "order": 39,
        "id": 2,
        "prevSize": 32,
        "code": 59658,
        "name": "left-arrow"
      },
      "setIdx": 0,
      "setId": 8,
      "iconIdx": 2
    },
    {
      "icon": {
        "paths": [
          "M512 1024c282.77 0 512-229.23 512-512s-229.23-512-512-512c-282.77 0-512 229.23-512 512s229.23 512 512 512v0zM512 1002.667c-270.988 0-490.667-219.679-490.667-490.667s219.679-490.667 490.667-490.667c270.988 0 490.667 219.679 490.667 490.667s-219.679 490.667-490.667 490.667v0z",
          "M426.773 672h197.12v-38.4h-75.52v-288h-19.84l-103.68 27.52 10.24 38.4 68.48-17.28v239.36h-76.8z"
        ],
        "attrs": [
          {
            "fill": "rgb(255, 255, 255)"
          },
          {
            "fill": "rgb(255, 255, 255)"
          }
        ],
        "isMulticolor": false,
        "isMulticolor2": false,
        "tags": [
          "Group 4"
        ],
        "grid": 0
      },
      "attrs": [
        {
          "fill": "rgb(255, 255, 255)"
        },
        {
          "fill": "rgb(255, 255, 255)"
        }
      ],
      "properties": {
        "order": 3,
        "id": 3,
        "prevSize": 32,
        "code": 59655,
        "name": "step-1"
      },
      "setIdx": 0,
      "setId": 8,
      "iconIdx": 3
    },
    {
      "icon": {
        "paths": [
          "M512 1024c282.77 0 512-229.23 512-512s-229.23-512-512-512c-282.77 0-512 229.23-512 512s229.23 512 512 512v0zM512 1002.667c-270.988 0-490.667-219.679-490.667-490.667s219.679-490.667 490.667-490.667c270.988 0 490.667 219.679 490.667 490.667s-219.679 490.667-490.667 490.667v0z",
          "M514.667 391.467c46.72 0 75.52 23.040 75.52 55.040 0 35.2-32.64 56.96-74.24 83.84-52.48 33.28-103.040 69.76-128 129.92l5.76 22.4h252.16v-92.8h-39.68v55.040h-161.92c19.84-34.56 54.4-58.88 94.080-83.2 51.84-32 96.64-62.080 96.64-115.84 0-48-40.32-93.44-117.76-93.44-48 0-87.68 22.4-106.88 49.28-7.68 11.52-12.16 23.68-12.16 35.2 0 23.68 14.72 39.040 33.28 39.040 17.28 0 30.72-14.080 30.72-31.36 0-10.24-7.040-19.84-16-24.32l1.92-3.2c11.52-14.080 37.12-25.6 66.56-25.6v0z"
        ],
        "attrs": [
          {
            "fill": "rgb(255, 255, 255)"
          },
          {
            "fill": "rgb(255, 255, 255)"
          }
        ],
        "isMulticolor": false,
        "isMulticolor2": false,
        "tags": [
          "Group 5"
        ],
        "grid": 0
      },
      "attrs": [
        {
          "fill": "rgb(255, 255, 255)"
        },
        {
          "fill": "rgb(255, 255, 255)"
        }
      ],
      "properties": {
        "order": 4,
        "id": 4,
        "prevSize": 32,
        "code": 59656,
        "name": "step-2"
      },
      "setIdx": 0,
      "setId": 8,
      "iconIdx": 4
    },
    {
      "icon": {
        "paths": [
          "M512 1024c282.77 0 512-229.23 512-512s-229.23-512-512-512c-282.77 0-512 229.23-512 512s229.23 512 512 512v0zM512 1002.667c-270.988 0-490.667-219.679-490.667-490.667s219.679-490.667 490.667-490.667c270.988 0 490.667 219.679 490.667 490.667s-219.679 490.667-490.667 490.667v0z",
          "M376.96 656.213c0 12.8 4.48 24.96 12.16 35.84 19.84 29.44 64 49.92 115.2 49.92 76.8 0 136.32-44.8 136.32-113.92 0-40.32-24.96-71.68-59.52-88.96-12.16-5.76-26.24-10.24-39.68-12.8 14.72-1.92 28.8-7.040 41.6-14.080 30.72-17.28 53.12-47.36 53.12-80 0-55.68-50.56-101.12-124.16-101.12-53.12 0-90.88 21.76-108.8 48-8.32 12.16-12.16 23.68-12.16 35.2 0 23.040 16 38.4 33.92 38.4 15.36 0 30.72-12.16 30.72-29.44 0-9.6-7.68-21.12-17.28-25.6l1.92-2.56c11.52-14.080 33.92-24.32 69.12-24.32 48 0 81.92 21.76 81.92 62.080 0 24.32-15.36 44.16-39.040 58.24-20.48 11.52-46.72 17.92-73.6 17.92h-16v37.76h14.080c28.16 0 53.12 5.12 72.32 14.080 30.080 13.44 46.72 37.12 46.72 67.2 0 42.24-37.12 74.24-90.88 74.24-32.64 0-62.080-8.96-77.44-24.96l-2.56-3.84c10.88-5.12 16-16 16-26.24 0-15.36-12.16-29.44-29.44-29.44-19.2 0-34.56 17.28-34.56 38.4v0z"
        ],
        "attrs": [
          {
            "fill": "rgb(255, 255, 255)"
          },
          {
            "fill": "rgb(255, 255, 255)"
          }
        ],
        "isMulticolor": false,
        "isMulticolor2": false,
        "tags": [
          "Group 7"
        ],
        "grid": 0
      },
      "attrs": [
        {
          "fill": "rgb(255, 255, 255)"
        },
        {
          "fill": "rgb(255, 255, 255)"
        }
      ],
      "properties": {
        "order": 5,
        "id": 5,
        "prevSize": 32,
        "code": 59657,
        "name": "step-3"
      },
      "setIdx": 0,
      "setId": 8,
      "iconIdx": 5
    },
    {
      "icon": {
        "paths": [
          "M755.086 947.779h-597.585l-117.624-522.938h832.834l-117.624 522.938zM456.303 81.91c87.253 0 232.514 40.056 237.595 303.832h-475.19c5.081-263.776 150.322-303.832 237.595-303.832v0zM905.040 398.801c-6.575-8.308-16.407-13.059-26.958-13.059h-145.416c-5.702-308.954-194.463-342.93-276.364-342.93-81.92 0-270.662 33.976-276.364 342.93h-145.435c-10.531 0-20.364 4.75-26.958 13.059-6.575 8.308-9.018 19.021-6.691 29.402l119.583 531.598c3.588 15.952 17.416 27.075 33.648 27.075h604.412c16.213 0 30.061-11.123 33.648-27.075l119.602-531.618c2.308-10.361-0.116-21.074-6.71-29.382v0z"
        ],
        "width": 931,
        "attrs": [],
        "isMulticolor": false,
        "isMulticolor2": false,
        "tags": [
          "icon-ui-cart"
        ],
        "grid": 0
      },
      "attrs": [],
      "properties": {
        "order": 38,
        "id": 6,
        "prevSize": 32,
        "code": 59652,
        "name": "ui-cart"
      },
      "setIdx": 0,
      "setId": 8,
      "iconIdx": 6
    },
    {
      "icon": {
        "paths": [
          "M675.927 496.926c-50.426 73.881-134.205 118.010-224.146 118.010-54.094 0-106.51-16.045-151.541-46.369-59.801-40.314-100.228-101.345-113.823-171.913-13.596-70.544 1.223-142.112 41.77-201.57 50.402-73.905 134.205-118.034 224.122-118.034 54.142 0 106.51 16.045 151.493 46.369 123.463 83.227 155.809 250.777 72.126 373.507zM634.157 78.909c-53.974-36.404-116.845-55.643-181.849-55.643-107.877 0-208.416 52.949-268.889 141.612-48.651 71.354-66.467 157.251-50.138 241.908 14.627 75.788 55.173 142.303 114.95 190.127l-243.568 357.224c-8.392 12.278-5.155 29.014 7.217 37.334 4.628 3.123 9.927 4.625 15.13 4.625 8.68 0 17.192-4.124 22.419-11.801l243.52-357.105c48.531 27.178 102.889 41.53 158.83 41.53 107.901 0 208.44-52.949 268.913-141.612 100.444-147.286 61.623-348.355-86.536-448.199z"
        ],
        "width": 791,
        "attrs": [],
        "isMulticolor": false,
        "isMulticolor2": false,
        "tags": [
          "icon-ui-search"
        ],
        "grid": 0
      },
      "attrs": [],
      "properties": {
        "order": 37,
        "id": 7,
        "prevSize": 32,
        "code": 59653,
        "name": "ui-search"
      },
      "setIdx": 0,
      "setId": 8,
      "iconIdx": 7
    },
    {
      "icon": {
        "paths": [
          "M810.822 814.716c-26.487-25.312-77.509-70.417-128.31-94.443-41.891-19.771-65.895-39.83-73.387-61.218-5.142-14.872-2.859-31.895 7.115-52.064 7.514-15.227 14.606-27.883 21.167-39.541 27.639-49.383 49.006-85.023 49.006-211.294 0-188.997-109.094-198.55-130.682-198.55-17.687 0-28.747 3.901-39.453 7.691-11.703 4.167-23.827 8.467-51.422 8.932-49.937 0.82-154.553 2.549-154.553 176.385 0 121.617 31.651 177.449 56.542 222.332 6.361 11.481 12.368 22.364 17.133 33.18 21.167 48.030 5.718 81.61-48.673 105.614-68.71 30.365-101.070 46.169-168.561 105.547-75.67-79.526-122.415-186.847-122.415-305.294 0-244.829 198.461-443.29 443.29-443.29s443.29 198.461 443.29 443.29c0 117.184-45.814 223.463-120.087 302.723zM487.619 955.283c-110.379 0-211.050-40.561-288.648-107.298 59.733-52.242 88.281-66.56 154.243-95.684 76.401-33.757 102.4-93.534 71.325-164.062-5.585-12.656-12.080-24.381-18.928-36.793-23.583-42.512-50.978-90.697-50.978-200.833 0-130.239 61.839-131.258 110.955-132.078 34.843-0.598 51.865-6.605 65.496-11.437 9.11-3.258 14.606-5.164 24.647-5.164 41.071 0 86.353 40.517 86.353 154.221 0 114.679-17.2 142.895-43.354 189.617-6.893 12.279-14.363 25.6-22.231 41.603-15.271 30.964-18.352 59.977-9.198 86.264 11.747 33.668 42.334 61.241 96.216 86.752 44.196 20.857 90.498 61.639 115.388 85.223-77.953 68.089-179.665 109.67-291.286 109.67zM487.619 24.374c-269.299 0-487.619 218.298-487.619 487.619 0 269.299 218.32 487.619 487.619 487.619s487.619-218.32 487.619-487.619c0-269.321-218.32-487.619-487.619-487.619z"
        ],
        "width": 975,
        "attrs": [],
        "isMulticolor": false,
        "isMulticolor2": false,
        "tags": [
          "icon-ui-user"
        ],
        "grid": 0
      },
      "attrs": [],
      "properties": {
        "order": 36,
        "id": 8,
        "prevSize": 32,
        "code": 59654,
        "name": "ui-user"
      },
      "setIdx": 0,
      "setId": 8,
      "iconIdx": 8
    },
    {
      "icon": {
        "paths": [
          "M514.645 5.333c-281.301 0-509.312 228.011-509.312 509.312s228.011 509.355 509.312 509.355c281.429 0 509.355-228.053 509.355-509.355s-227.968-509.312-509.355-509.312v0zM666.752 319.019h-55.083c-43.349 0-51.627 20.565-51.627 50.731v66.517h103.125l-13.44 104.149h-89.685v267.093h-107.563v-267.093h-89.856v-104.149h89.899v-76.8c0-89.088 54.443-137.685 133.973-137.685 38.059 0 70.784 2.859 80.299 4.139v93.099h-0.043z"
        ],
        "attrs": [
          {
            "fill": "rgb(255, 255, 255)"
          }
        ],
        "isMulticolor": false,
        "isMulticolor2": false,
        "tags": [
          "social-facebook"
        ],
        "grid": 0
      },
      "attrs": [
        {
          "fill": "rgb(255, 255, 255)"
        }
      ],
      "properties": {
        "order": 34,
        "id": 9,
        "prevSize": 32,
        "code": 59648,
        "name": "facebook"
      },
      "setIdx": 0,
      "setId": 8,
      "iconIdx": 9
    },
    {
      "icon": {
        "paths": [
          "M668.587 386.645v-0.085c8.491 0 16.939 0.128 25.472-0.043 10.88-0.256 19.797-9.643 19.797-20.523v-48.811c0-11.648-9.259-20.949-20.864-20.949h-48.683c-11.605 0-20.907 9.301-20.907 20.992 0 16.128-0.043 32.256 0.085 48.384 0 2.432 0.469 4.907 1.195 7.168 2.944 8.576 10.795 13.867 20.437 13.909 7.765-0.043 15.659-0.043 23.467-0.043v0zM512 407.595c-57.131-0.043-103.595 45.952-104.405 102.827-0.853 58.411 45.952 104.704 102.016 105.899 58.368 1.28 105.472-45.312 106.752-102.059 1.28-58.411-45.867-106.709-104.363-106.667v0zM310.144 463.275v230.144c0 11.008 9.472 20.437 20.437 20.437h362.709c11.136 0 20.523-9.429 20.523-20.48 0.043-76.117 0-152.32 0-228.437v-1.579h-49.152c6.912 22.229 9.088 44.757 6.315 67.797-2.688 22.997-10.112 44.459-22.229 64.213-12.032 19.755-27.733 36.224-46.933 49.237-49.749 33.877-115.2 36.864-167.979 7.253-26.667-14.933-47.616-35.797-62.208-62.763-21.803-40.021-25.259-82.091-12.459-125.781-16.341-0.043-32.597-0.043-49.024-0.043v0zM718.123 769.621c2.645-0.469 5.376-0.853 8.021-1.408 21.035-4.437 38.229-22.016 42.368-43.179 0.427-2.304 0.768-4.565 1.109-6.912v-412.288c-0.384-2.261-0.683-4.523-1.109-6.741-4.48-23.125-23.552-41.003-46.933-44.245-0.981-0.128-1.877-0.341-2.859-0.512h-413.397c-2.475 0.469-4.992 0.811-7.467 1.408-22.827 5.163-39.723 23.552-42.965 46.677-0.128 0.981-0.341 1.92-0.512 2.901v413.355c0.469 2.645 0.853 5.248 1.408 7.851 5.035 22.357 24.107 39.68 46.805 42.539 1.067 0.171 2.176 0.427 3.285 0.555h412.245zM512 1018.667c-279.808 0-506.667-226.816-506.667-506.667 0-279.808 226.859-506.667 506.667-506.667 279.851 0 506.667 226.816 506.667 506.667s-226.816 506.667-506.667 506.667v0z"
        ],
        "attrs": [
          {
            "fill": "rgb(255, 255, 255)"
          }
        ],
        "isMulticolor": false,
        "isMulticolor2": false,
        "tags": [
          "social-instagram"
        ],
        "grid": 0
      },
      "attrs": [
        {
          "fill": "rgb(255, 255, 255)"
        }
      ],
      "properties": {
        "order": 33,
        "id": 10,
        "prevSize": 32,
        "code": 59649,
        "name": "instagram"
      },
      "setIdx": 0,
      "setId": 8,
      "iconIdx": 10
    },
    {
      "icon": {
        "paths": [
          "M529.94 35.84c-272.916 0-494.060 221.225-494.060 494.060-0.041 272.957 221.143 494.1 494.060 494.1 272.957 0 494.060-221.143 494.060-494.1-0.041-272.835-221.102-494.060-494.060-494.060zM780.575 414.065c0.205 4.997 0.328 10.035 0.328 15.073 0 154.051-117.228 331.694-331.653 331.694-65.864 0-127.14-19.292-178.708-52.347 9.134 1.106 18.35 1.597 27.812 1.597 54.6 0 104.899-18.637 144.794-49.848-51.036-0.942-94.085-34.693-108.913-81.060 7.127 1.475 14.459 2.171 21.955 2.171 10.609 0 20.931-1.475 30.72-4.137-53.371-10.732-93.553-57.876-93.553-114.319 0-0.492 0-0.983 0.041-1.516 15.688 8.765 33.669 13.967 52.756 14.623-31.293-20.89-51.855-56.566-51.855-97.034 0-21.381 5.775-41.37 15.77-58.655 57.508 70.574 143.401 116.941 240.353 121.774-2.048-8.479-3.072-17.408-3.072-26.501 0-64.389 52.183-116.613 116.49-116.613 33.628 0 63.939 14.172 85.156 36.823 26.542-5.202 51.528-14.95 74.056-28.262-8.724 27.197-27.197 50.094-51.2 64.512 23.511-2.826 45.998-9.093 66.888-18.35-15.606 23.388-35.389 43.95-58.163 60.375z"
        ],
        "attrs": [
          {
            "fill": "rgb(255, 255, 255)"
          }
        ],
        "isMulticolor": false,
        "isMulticolor2": false,
        "tags": [
          "social-twitter"
        ],
        "grid": 0
      },
      "attrs": [
        {
          "fill": "rgb(255, 255, 255)"
        }
      ],
      "properties": {
        "order": 35,
        "id": 11,
        "prevSize": 32,
        "code": 59651,
        "name": "twitter"
      },
      "setIdx": 0,
      "setId": 8,
      "iconIdx": 11
    },
    {
      "icon": {
        "paths": [
          "M579.888 512l190.064-190.064c8.672-8.672 14.048-20.688 14.048-33.936 0-26.512-21.488-48-48-48-13.248 0-25.248 5.376-33.936 14.064l-190.064 190.048-190.064-190.048c-8.688-8.688-20.688-14.064-33.936-14.064-26.512 0-48 21.488-48 48 0 13.248 5.376 25.248 14.064 33.936l190.048 190.064-190.048 190.064c-8.688 8.688-14.064 20.688-14.064 33.936 0 26.512 21.488 48 48 48 13.248 0 25.248-5.376 33.936-14.064l190.064-190.048 190.064 190.064c8.688 8.672 20.688 14.048 33.936 14.048 26.512 0 48-21.488 48-48 0-13.248-5.376-25.248-14.064-33.936l-190.048-190.064z"
        ],
        "attrs": [
          {}
        ],
        "isMulticolor": false,
        "isMulticolor2": false,
        "grid": 0,
        "tags": [
          "close"
        ]
      },
      "attrs": [
        {}
      ],
      "properties": {
        "order": 151,
        "id": 0,
        "name": "close",
        "prevSize": 32,
        "code": 59659
      },
      "setIdx": 3,
      "setId": 5,
      "iconIdx": 0
    },
    {
      "icon": {
        "paths": [
          "M1024 608l-192-192v-288h-128v160l-192-192-512 512v32h128v320h320v-192h128v192h320v-320h128z"
        ],
        "attrs": [],
        "isMulticolor": false,
        "isMulticolor2": false,
        "tags": [
          "home",
          "house"
        ],
        "defaultCode": 59650,
        "grid": 16
      },
      "attrs": [],
      "properties": {
        "ligatures": "home3, house3",
        "name": "home",
        "order": 3,
        "id": 0,
        "prevSize": 32,
        "code": 59650
      },
      "setIdx": 1,
      "setId": 7,
      "iconIdx": 0
    },
    {
      "icon": {
        "paths": [
          "M976 0h-384c-26.4 0-63.274 15.274-81.942 33.942l-476.116 476.116c-18.668 18.668-18.668 49.214 0 67.882l412.118 412.118c18.668 18.668 49.214 18.668 67.882 0l476.118-476.118c18.666-18.666 33.94-55.54 33.94-81.94v-384c0-26.4-21.6-48-48-48zM736 384c-53.020 0-96-42.98-96-96s42.98-96 96-96 96 42.98 96 96-42.98 96-96 96z"
        ],
        "attrs": [],
        "isMulticolor": false,
        "isMulticolor2": false,
        "tags": [
          "price-tag"
        ],
        "defaultCode": 59701,
        "grid": 16
      },
      "attrs": [],
      "properties": {
        "ligatures": "price-tag",
        "name": "price",
        "order": 4,
        "id": 1,
        "prevSize": 32,
        "code": 59701
      },
      "setIdx": 1,
      "setId": 7,
      "iconIdx": 1
    },
    {
      "icon": {
        "paths": [
          "M480 64c-265.096 0-480 214.904-480 480 0 265.098 214.904 480 480 480 265.098 0 480-214.902 480-480 0-265.096-214.902-480-480-480zM480 928c-212.078 0-384-171.922-384-384s171.922-384 384-384c212.078 0 384 171.922 384 384s-171.922 384-384 384zM512 512v-128h128v-64h-128v-64h-64v64h-128v256h128v128h-128v64h128v64h64v-64h128.002l-0.002-256h-128zM448 512h-64v-128h64v128zM576.002 704h-64.002v-128h64.002v128z"
        ],
        "attrs": [],
        "isMulticolor": false,
        "isMulticolor2": false,
        "tags": [
          "coin-dollar",
          "money",
          "cash",
          "currency-dollar"
        ],
        "defaultCode": 59707,
        "grid": 16
      },
      "attrs": [],
      "properties": {
        "ligatures": "coin-dollar, money",
        "name": "money",
        "order": 6,
        "id": 2,
        "prevSize": 32,
        "code": 59707
      },
      "setIdx": 1,
      "setId": 7,
      "iconIdx": 2
    },
    {
      "icon": {
        "paths": [
          "M704 640c-64 64-64 128-128 128s-128-64-192-128-128-128-128-192 64-64 128-128-128-256-192-256-192 192-192 192c0 128 131.5 387.5 256 512s384 256 512 256c0 0 192-128 192-192s-192-256-256-192z"
        ],
        "attrs": [],
        "isMulticolor": false,
        "isMulticolor2": false,
        "tags": [
          "phone",
          "telephone",
          "contact",
          "support",
          "call"
        ],
        "defaultCode": 59714,
        "grid": 16
      },
      "attrs": [],
      "properties": {
        "ligatures": "phone, telephone",
        "name": "phone",
        "order": 5,
        "id": 3,
        "prevSize": 32,
        "code": 59714
      },
      "setIdx": 1,
      "setId": 7,
      "iconIdx": 3
    },
    {
      "icon": {
        "paths": [
          "M928 0h-832c-52.8 0-96 43.2-96 96v832c0 52.8 43.2 96 96 96h832c52.8 0 96-43.2 96-96v-832c0-52.8-43.2-96-96-96zM384 832h-128v-448h128v448zM320 320c-35.4 0-64-28.6-64-64s28.6-64 64-64c35.4 0 64 28.6 64 64s-28.6 64-64 64zM832 832h-128v-256c0-35.4-28.6-64-64-64s-64 28.6-64 64v256h-128v-448h128v79.4c26.4-36.2 66.8-79.4 112-79.4 79.6 0 144 71.6 144 160v288z"
        ],
        "attrs": [],
        "isMulticolor": false,
        "isMulticolor2": false,
        "tags": [
          "linkedin",
          "brand",
          "social"
        ],
        "defaultCode": 60105,
        "grid": 16
      },
      "attrs": [],
      "properties": {
        "ligatures": "linkedin, brand64",
        "name": "linkedin",
        "order": 10,
        "id": 4,
        "prevSize": 32,
        "code": 60105
      },
      "setIdx": 1,
      "setId": 7,
      "iconIdx": 4
    },
    {
      "icon": {
        "paths": [
          "M512 68.4c-245 0-443.6 198.6-443.6 443.6 0 188 117 348.4 282 413-3.8-35-7.4-89 1.6-127.2 8-34.6 52-220.4 52-220.4s-13.2-26.6-13.2-65.8c0-61.6 35.8-107.8 80.2-107.8 37.8 0 56.2 28.4 56.2 62.4 0 38-24.2 95-36.8 147.6-10.6 44.2 22 80.2 65.6 80.2 78.8 0 139.4-83.2 139.4-203.2 0-106.2-76.4-180.4-185.2-180.4-126.2 0-200.2 94.6-200.2 192.6 0 38.2 14.6 79 33 101.2 3.6 4.4 4.2 8.2 3 12.8-3.4 14-10.8 44.2-12.4 50.4-2 8.2-6.4 9.8-14.8 6-55.4-25.8-90-106.8-90-171.8 0-140 101.6-268.4 293-268.4 153.8 0 273.4 109.6 273.4 256.2 0 152.8-96.4 276-230.2 276-45 0-87.2-23.4-101.6-51 0 0-22.2 84.6-27.6 105.4-10 38.6-37 86.8-55.2 116.2 41.6 12.8 85.6 19.8 131.4 19.8 245 0 443.6-198.6 443.6-443.6 0-245.2-198.6-443.8-443.6-443.8z"
        ],
        "attrs": [],
        "isMulticolor": false,
        "isMulticolor2": false,
        "tags": [
          "pinterest",
          "brand",
          "social"
        ],
        "defaultCode": 60113,
        "grid": 16
      },
      "attrs": [],
      "properties": {
        "name": "pinterest",
        "ligatures": "pinterest, brand72",
        "order": 12,
        "id": 5,
        "prevSize": 32,
        "code": 60113
      },
      "setIdx": 1,
      "setId": 7,
      "iconIdx": 5
    },
    {
      "icon": {
        "paths": [
          "M64 192h896v192h-896zM64 448h896v192h-896zM64 704h896v192h-896z"
        ],
        "tags": [
          "menu",
          "list",
          "options",
          "lines",
          "hamburger"
        ],
        "defaultCode": 59837,
        "grid": 16,
        "attrs": []
      },
      "attrs": [],
      "properties": {
        "ligatures": "menu, list3",
        "name": "menu",
        "order": 150,
        "id": 190,
        "prevSize": 32,
        "code": 59837
      },
      "setIdx": 7,
      "setId": 1,
      "iconIdx": 189
    }
  ],
  "height": 1024,
  "metadata": {
    "name": "icomoon"
  },
  "preferences": {
    "showGlyphs": true,
    "showQuickUse": true,
    "showQuickUse2": true,
    "showSVGs": true,
    "fontPref": {
      "prefix": "icon-",
      "metadata": {
        "fontFamily": "icomoon"
      },
      "metrics": {
        "emSize": 1024,
        "baseline": 6.25,
        "whitespace": 50
      },
      "embed": false
    },
    "imagePref": {
      "prefix": "icon-",
      "png": true,
      "useClassSelector": true,
      "color": 0,
      "bgColor": 16777215,
      "classSelector": ".icon"
    },
    "historySize": 100,
    "showCodes": true,
    "gridSize": 16
  }
}