{
	"current": {
		"show_logo": false,
		"show-home-slide-1": true,
		"home-slide-1-dark": false,
		"home-slide-1-overlay": false,
		"home-slide-1-hide-text": false,
		"home-slide-1-title": "This is slide 1",
		"home-slide-1-subtitle": "No overlays or anything",
		"home-slide-1-url": "\/collections\/all",
		"home-slide-1-btn-text": "Shop All Collections",
		"show-home-slide-2": true,
		"home-slide-2-dark": false,
		"home-slide-2-overlay": true,
		"home-slide-2-hide-text": false,
		"home-slide-2-title": "Text",
		"home-slide-2-subtitle": "With an overlay",
		"home-slide-2-url": "",
		"home-slide-2-btn-text": "",
		"show-home-slide-3": true,
		"home-slide-3-dark": true,
		"home-slide-3-overlay": true,
		"home-slide-3-hide-text": false,
		"home-slide-3-title": "Trees!",
		"home-slide-3-subtitle": "Happy little trees.",
		"home-slide-3-url": "\/collections\/all",
		"home-slide-3-btn-text": "More trees!",
		"facebook_url": "https:\/\/www.facebook.com\/shopify",
		"twitter_url": "https:\/\/twitter.com\/shopify",
		"pinterest_url": "http:\/\/pinterest.com\/shopify\/",
		"instagram_url": "http:\/\/instagram.com\/shopify",
		"linkedin_url": "http:\/\/linkedin.com\/shopify",
		"checkout_header_image": "",
		"checkout_use_storefront_logo": false,
		"checkout_logo_image": "",
		"checkout_logo_position": "left",
		"checkout_logo_size": "medium",
		"checkout_body_background_image": "",
		"checkout_body_background_color": "#fff",
		"checkout_input_background_color_mode": "white",
		"checkout_sidebar_background_image": "",
		"checkout_sidebar_background_color": "#fafafa",
		"checkout_heading_font": "Helvetica Neue",
		"checkout_body_font": "Helvetica Neue",
		"checkout_accent_color": "#1990C6",
		"checkout_button_color": "#1990C6",
		"checkout_error_color": "#ff6d6d",
		"checkout_use_header_image": false,
		"checkout_logo": "",
		"checkout_use_body_background_image": false,
		"checkout_use_sidebar_background_image": false,
		"ga_id": "UA-42892291-1",
		"customer_layout": "theme",
		"background_color": "#e6ebeb",
		"text_color": "#555555",
		"link_color": "#b5792b",
		"vimeo_url": "http:\/\/vimeo.com\/shopify",
		"youtube_url": "https:\/\/www.youtube.com\/user\/shopify",
		"social_icons_style": "",
		"use_logo": false,
		"base_font_size": "16px",
		"base_font_family": "'Source Sans Pro', sans-serif",
		"featured_blog": "news",
		"homepage_page": "frontpage",
		"homepage_collection": "frontpage",
		"products_per_row": "3",
		"number_of_rows": "4",
		"content_for_index": []
	},
	"presets": {
		"Slate": {
			"customer_layout": "theme",
			"background_color": "#e6ebeb",
			"text_color": "#555555",
			"link_color": "#b5792b",
			"facebook_url": "https:\/\/www.facebook.com\/shopify",
			"twitter_url": "https:\/\/twitter.com\/shopify",
			"pinterest_url": "http:\/\/pinterest.com\/shopify\/",
			"instagram_url": "http:\/\/instagram.com\/shopify",
			"vimeo_url": "http:\/\/vimeo.com\/shopify",
			"youtube_url": "https:\/\/www.youtube.com\/user\/shopify",
			"social_icons_style": "",
			"use_logo": false,
			"base_font_size": "16px",
			"base_font_family": "'Source Sans Pro', sans-serif",
			"featured_blog": "news",
			"homepage_page": "frontpage",
			"homepage_collection": "frontpage",
			"products_per_row": "3",
			"number_of_rows": "4"
		}
	}
}