[
	{
		"name": "Theme Settings",
		"settings": [
			{
				"type": "image",
				"id": "sold-out-badge.png",
				"label": "Sold Out Badge (for the collection grids)"
			},
			{
				"type": "image",
				"id": "favicon.png",
				"label": "Favicon PNG"
			},
      {
				"type": "checkbox",
				"id": "enable-newsletter",
				"label": "Enable newsletter for first time visitors",
				"default": true
			},
      {
				"type": "page",
				"id": "homepage_page",
				"label": "Home page content"
			},
      {
				"type": "collection",
				"id": "homepage_collection",
				"label": "Home page collection"
			}

		]
	},
  {
		"name": "Currency",
		"settings": [
			{
				"type": "paragraph",
				"content": "To offer multiple currencies on your online store, you must first [edit your store's currency formatting](https:\/\/docs.shopify.com\/manual\/using-themes\/troubleshooting\/help-script-find-money-formats)."
			},
			{
				"type": "paragraph",
				"content": "Although you will be able to display prices on your storefront in different currencies, Shopify will still process orders in your shop's currency."
			},
			{
				"type": "checkbox",
				"id": "show_multiple_currencies",
				"label": "Enable currency conversion",
				"default": true,
				"info": "Even though prices are displayed in different currencies, orders will still be processed in your store's currency."
			},
			{
				"type": "select",
				"id": "currency_format",
				"label": "Format",
				"options": [
					{
						"value": "money_format",
						"label": "Without currency ($10.00)"
					},
					{
						"value": "money_with_currency_format",
						"label": "With currency ($10.00 CAD)"
					}
				],
				"default": "money_with_currency_format"
			},
			{
				"type": "text",
				"id": "supported_currencies",
				"label": "Supported currencies",
				"default": "USD CAD INR GBP AUD EUR JPY",
				"info": "Use the country's ISO [currency code](http:\/\/www.xe.com\/iso4217.php). Separate your currency codes with a space."
			},
			{
				"type": "text",
				"id": "default_currency",
				"label": "Default currency",
				"default": "USD"
			}
		]
	},
	{
		"name": "Header",
		"settings": [
			{
				"type": "checkbox",
				"id": "show_logo",
				"label": "Show Logo?"
			},
			{
				"type": "image",
				"id": "logo.png",
				"label": "Main Header Logo"
			}
		]
	},
  {
		"name": "Collections",
		"settings": [
			{
				"type": "number",
				"id": "collection-listing-limit",
				"label": "Limit of collection items on the collection listing pages.",
        "default": 4
			},
      {
				"type": "number",
				"id": "collection-page-limit",
				"label": "Limit of items on the individual collection pages",
        "default": 24
			}
		]
	},
  {
		"name": "Grids",
		"settings": [
			{
				"type": "select",
				"id": "max-grid-cols",
				"label": "Max Grid Columns.",
        "options": [
					{
						"value": "2",
						"label": "2"
					},
          {
						"value": "3",
						"label": "3"
					},
          {
						"value": "4",
						"label": "4"
					},
          {
						"value": "5",
						"label": "5"
					},
          {
						"value": "6",
						"label": "6"
					}
        ]
			}
		]
	},
	{
		"name": "Social Network Links",
		"settings": [
			{
				"type": "url",
				"id": "facebook_url",
				"label": "Facebook"
			},
			{
				"type": "url",
				"id": "twitter_url",
				"label": "Twitter"
			},
			{
				"type": "url",
				"id": "pinterest_url",
				"label": "Pinterest"
			},
			{
				"type": "url",
				"id": "instagram_url",
				"label": "Instagram"
			},
			{
				"type": "url",
				"id": "linkedin_url",
				"label": "LinkedIn"
			}
		]
	}
]
